company,title,url,source_url,context
Linear,"Account Executive, Startups",https://linear.app/careers/c21af93e-210f-4969-8eaa-90fb16a5b720,https://linear.app/careers,"Sales⁠ Account Executive, Startups North AmericaLearn more→ Customer Success Manager, Enterprise North AmericaLearn more→ Implementation Manager North AmericaLearn more→ Solutions Engineer, Europe LondonLearn more→ Solutions Engineer, Growth North AmericaLearn more→"
Linear,"Customer Success Manager, Enterprise",https://linear.app/careers/370d9605-f02f-44f9-97fa-ebf769bed93d,https://linear.app/careers,"Sales⁠ Account Executive, Startups North AmericaLearn more→ Customer Success Manager, Enterprise North AmericaLearn more→ Implementation Manager North AmericaLearn more→ Solutions Engineer, Europe LondonLearn more→ Solutions Engineer, Growth North AmericaLearn more→"
Linear,Implementation Manager,https://linear.app/careers/cec84487-60f2-4216-a514-dcf190c86c1e,https://linear.app/careers,"Sales⁠ Account Executive, Startups North AmericaLearn more→ Customer Success Manager, Enterprise North AmericaLearn more→ Implementation Manager North AmericaLearn more→ Solutions Engineer, Europe LondonLearn more→ Solutions Engineer, Growth North AmericaLearn more→"
Linear,"Solutions Engineer, Europe",https://linear.app/careers/d37b3d76-3080-47f9-8a19-60505573112c,https://linear.app/careers,"Sales⁠ Account Executive, Startups North AmericaLearn more→ Customer Success Manager, Enterprise North AmericaLearn more→ Implementation Manager North AmericaLearn more→ Solutions Engineer, Europe LondonLearn more→ Solutions Engineer, Growth North AmericaLearn more→"
Linear,"Solutions Engineer, Growth",https://linear.app/careers/a8041e0e-350e-47d0-9190-454089216fb8,https://linear.app/careers,"Sales⁠ Account Executive, Startups North AmericaLearn more→ Customer Success Manager, Enterprise North AmericaLearn more→ Implementation Manager North AmericaLearn more→ Solutions Engineer, Europe LondonLearn more→ Solutions Engineer, Growth North AmericaLearn more→"
Linear,Analytics Engineer,https://linear.app/careers/f272fc4a-91a7-4dcf-9cb5-3600ebaf14e1,https://linear.app/careers,"GTM⁠ Analytics Engineer North AmericaLearn more→ Customer Success Manager, Growth North AmericaLearn more→"
Linear,"Customer Success Manager, Growth",https://linear.app/careers/26c77e48-b4ef-455d-a02c-3ef68fc6f9f9,https://linear.app/careers,"GTM⁠ Analytics Engineer North AmericaLearn more→ Customer Success Manager, Growth North AmericaLearn more→"
Linear,Deal Desk,https://linear.app/careers/1aa6f672-5917-49aa-b015-70ebff901923,https://linear.app/careers,Operations⁠ Deal Desk North AmericaLearn more→ Revenue Operations North AmericaLearn more→
Linear,Revenue Operations,https://linear.app/careers/29aeb82d-f00e-4283-b332-057efd487d6f,https://linear.app/careers,Operations⁠ Deal Desk North AmericaLearn more→ Revenue Operations North AmericaLearn more→
Linear,Developer Relations,https://linear.app/careers/62a4524c-75da-499e-b150-7f68ce9f2da3,https://linear.app/careers,"Marketing⁠ Developer Relations Europe, North AmericaLearn more→"
Linear,Mobile Product Designer,https://linear.app/careers/eac7f181-d658-4943-9430-51bae2bcd110,https://linear.app/careers,Design⁠ Mobile Product Designer North AmericaLearn more→ Principal Product Designer EuropeLearn more→ Senior / Staff Product Designer North AmericaLearn more→
Linear,Principal Product Designer,https://linear.app/careers/ba8a41d2-4198-481a-a7f4-e09c5364ff7f,https://linear.app/careers,Design⁠ Mobile Product Designer North AmericaLearn more→ Principal Product Designer EuropeLearn more→ Senior / Staff Product Designer North AmericaLearn more→
Linear,Senior / Staff Product Designer,https://linear.app/careers/a264869e-f058-487c-ab7f-9b77dffa427c,https://linear.app/careers,Design⁠ Mobile Product Designer North AmericaLearn more→ Principal Product Designer EuropeLearn more→ Senior / Staff Product Designer North AmericaLearn more→
Linear,Product Engineer,https://linear.app/careers/0c7c2e26-0a98-42cf-a47c-9a3999fb513b,https://linear.app/careers,"Engineering⁠ Product Engineer North AmericaLearn more→ Senior / Staff Fullstack Engineer Europe, North AmericaLearn more→ Senior / Staff Product Engineer Europe, North AmericaLearn more→ Senior / Staff Product Engineer, AI North AmericaLearn more→"
Linear,Senior / Staff Fullstack Engineer,https://linear.app/careers/d3bc1ced-3ce4-4086-a050-555055dbb1ff,https://linear.app/careers,"Engineering⁠ Product Engineer North AmericaLearn more→ Senior / Staff Fullstack Engineer Europe, North AmericaLearn more→ Senior / Staff Product Engineer Europe, North AmericaLearn more→ Senior / Staff Product Engineer, AI North AmericaLearn more→"
Linear,Senior / Staff Product Engineer,https://linear.app/careers/069c4628-88d7-4e4d-b393-c996fc7f3076,https://linear.app/careers,"Engineering⁠ Product Engineer North AmericaLearn more→ Senior / Staff Fullstack Engineer Europe, North AmericaLearn more→ Senior / Staff Product Engineer Europe, North AmericaLearn more→ Senior / Staff Product Engineer, AI North AmericaLearn more→"
Linear,"Senior / Staff Product Engineer, AI",https://linear.app/careers/b4a7764e-c680-4bdf-9956-dc78f2ca94d5,https://linear.app/careers,"Engineering⁠ Product Engineer North AmericaLearn more→ Senior / Staff Fullstack Engineer Europe, North AmericaLearn more→ Senior / Staff Product Engineer Europe, North AmericaLearn more→ Senior / Staff Product Engineer, AI North AmericaLearn more→"
Linear,Product Manager,https://linear.app/careers/86abcce0-04b2-405c-9a8e-e0ca84813914,https://linear.app/careers,"Product Management⁠ Product Manager Europe, North AmericaLearn more→ Product Marketing Manager London, North AmericaLearn more→"
Linear,Product Marketing Manager,https://linear.app/careers/b3346acf-44be-4565-b1c0-10d482d3ad4e,https://linear.app/careers,"Product Management⁠ Product Manager Europe, North AmericaLearn more→ Product Marketing Manager London, North AmericaLearn more→"
Linear,"Product Support Specialist, Pacific/Mountain Time",https://linear.app/careers/d062065e-05bb-42ce-a430-ec205695cc2e,https://linear.app/careers,"Customer Experience⁠ Product Support Specialist, Pacific/Mountain Time North AmericaLearn more→"
Linear,Production Designer,https://linear.app/careers/5b9997fd-7507-4437-8fd7-14178c99ab5d,https://linear.app/careers,"Magic⁠ Production Designer Europe, North AmericaLearn more→"
Linear,Recruiting & HR Operations Specialist,https://linear.app/careers/2ef60eea-7cff-45c2-abf2-eaedc4ea89bd,https://linear.app/careers,People⁠ Recruiting & HR Operations Specialist North AmericaLearn more→
Linear,Technical Recruiter,https://linear.app/careers/fb4b6076-b943-4d95-bb9b-a66aef8275f2,https://linear.app/careers,Talent⁠ Technical Recruiter North AmericaLearn more→
Supabase,Product Manager - Marketplace,https://jobs.ashbyhq.com/supabase/23c9ce7e-6b7b-4316-8f00-8f318e902441,https://supabase.com/careers,"Product Manager - Marketplace Remote, Global Apply for position Product Manager - Security & Trust (EMEA/AMER) Remote, Global Apply for position Product Manager - Infrastructure Remote, Global Apply for position Product Manager - Branching Remote, Global Apply for position Product Manager - Strategic Partner Integrations Remote, Bay Area, CA Apply for position"
Supabase,Product Manager - Security & Trust (EMEA/AMER),https://jobs.ashbyhq.com/supabase/b8010a28-109c-46a9-b8b7-c7f9b24077fa,https://supabase.com/careers,"Product Manager - Marketplace Remote, Global Apply for position Product Manager - Security & Trust (EMEA/AMER) Remote, Global Apply for position Product Manager - Infrastructure Remote, Global Apply for position Product Manager - Branching Remote, Global Apply for position Product Manager - Strategic Partner Integrations Remote, Bay Area, CA Apply for position"
Supabase,Product Manager - Infrastructure,https://jobs.ashbyhq.com/supabase/47bcfdb8-b954-423e-8a9e-85256434575c,https://supabase.com/careers,"Product Manager - Marketplace Remote, Global Apply for position Product Manager - Security & Trust (EMEA/AMER) Remote, Global Apply for position Product Manager - Infrastructure Remote, Global Apply for position Product Manager - Branching Remote, Global Apply for position Product Manager - Strategic Partner Integrations Remote, Bay Area, CA Apply for position"
Supabase,Product Manager - Branching,https://jobs.ashbyhq.com/supabase/9773ea1b-e25b-437c-bdbd-3fce0c69101e,https://supabase.com/careers,"Product Manager - Marketplace Remote, Global Apply for position Product Manager - Security & Trust (EMEA/AMER) Remote, Global Apply for position Product Manager - Infrastructure Remote, Global Apply for position Product Manager - Branching Remote, Global Apply for position Product Manager - Strategic Partner Integrations Remote, Bay Area, CA Apply for position"
Supabase,Product Manager - Strategic Partner Integrations,https://jobs.ashbyhq.com/supabase/68a397e7-8a1a-4566-ae41-e8c61dd6ed93,https://supabase.com/careers,"Product Manager - Marketplace Remote, Global Apply for position Product Manager - Security & Trust (EMEA/AMER) Remote, Global Apply for position Product Manager - Infrastructure Remote, Global Apply for position Product Manager - Branching Remote, Global Apply for position Product Manager - Strategic Partner Integrations Remote, Bay Area, CA Apply for position"
Supabase,Customer Solution Architect (AMER),https://jobs.ashbyhq.com/supabase/d5573afa-636c-4219-832f-386f498243bf,https://supabase.com/careers,"Customer Solution Architect (AMER) Remote, AMER Apply for position Customer Solution Architect, Team Lead Remote, AMER Apply for position Partner Solution Architect (AWS) Remote, Global Apply for position Pre-Sales Solutions Architect (SA) Leader Remote, Global Apply for position Technical Account Management (TAM) Leader Remote, Global Apply for position"
Supabase,"Customer Solution Architect, Team Lead",https://jobs.ashbyhq.com/supabase/66bab062-b769-43cf-ac3c-a2630257624c,https://supabase.com/careers,"Customer Solution Architect (AMER) Remote, AMER Apply for position Customer Solution Architect, Team Lead Remote, AMER Apply for position Partner Solution Architect (AWS) Remote, Global Apply for position Pre-Sales Solutions Architect (SA) Leader Remote, Global Apply for position Technical Account Management (TAM) Leader Remote, Global Apply for position"
Supabase,Partner Solution Architect (AWS),https://jobs.ashbyhq.com/supabase/afd359ea-d37a-4bc4-b58d-7b851511988f,https://supabase.com/careers,"Customer Solution Architect (AMER) Remote, AMER Apply for position Customer Solution Architect, Team Lead Remote, AMER Apply for position Partner Solution Architect (AWS) Remote, Global Apply for position Pre-Sales Solutions Architect (SA) Leader Remote, Global Apply for position Technical Account Management (TAM) Leader Remote, Global Apply for position"
Supabase,Pre-Sales Solutions Architect (SA) Leader,https://jobs.ashbyhq.com/supabase/624d48cc-8d34-4607-bace-e6d045df70b8,https://supabase.com/careers,"Customer Solution Architect (AMER) Remote, AMER Apply for position Customer Solution Architect, Team Lead Remote, AMER Apply for position Partner Solution Architect (AWS) Remote, Global Apply for position Pre-Sales Solutions Architect (SA) Leader Remote, Global Apply for position Technical Account Management (TAM) Leader Remote, Global Apply for position"
Supabase,Technical Account Management (TAM) Leader,https://jobs.ashbyhq.com/supabase/f52fd120-5fbe-4e0d-949d-01e217ec77d6,https://supabase.com/careers,"Customer Solution Architect (AMER) Remote, AMER Apply for position Customer Solution Architect, Team Lead Remote, AMER Apply for position Partner Solution Architect (AWS) Remote, Global Apply for position Pre-Sales Solutions Architect (SA) Leader Remote, Global Apply for position Technical Account Management (TAM) Leader Remote, Global Apply for position"
Supabase,Support Engineer (EMEA),https://jobs.ashbyhq.com/supabase/c01f7436-1fdd-4a3e-8b96-8cadc33b006e,https://supabase.com/careers,"Support Engineer (EMEA) Remote, EMEA Apply for position Support Engineer (AMER) Remote, AMER Apply for position Support Engineer (APAC) Remote, APAC Apply for position Support Engineer (AMER - Weekends) Remote, AMER Apply for position Support Engineer (EMEA - Weekends) Remote, Global Apply for position Database Support Engineer (AMER) Remote, AMER Apply for position Database Support Engineer (EMEA) Remote, EMEA Apply for position Database Support Engineer (APAC) Remote, APAC Apply for position"
Supabase,Support Engineer (AMER),https://jobs.ashbyhq.com/supabase/e4e3ccb7-7b7d-42a2-be0f-26cbb5ae4abd,https://supabase.com/careers,"Support Engineer (EMEA) Remote, EMEA Apply for position Support Engineer (AMER) Remote, AMER Apply for position Support Engineer (APAC) Remote, APAC Apply for position Support Engineer (AMER - Weekends) Remote, AMER Apply for position Support Engineer (EMEA - Weekends) Remote, Global Apply for position Database Support Engineer (AMER) Remote, AMER Apply for position Database Support Engineer (EMEA) Remote, EMEA Apply for position Database Support Engineer (APAC) Remote, APAC Apply for position"
Supabase,Support Engineer (APAC),https://jobs.ashbyhq.com/supabase/142135ae-a15f-4ec7-90bb-cb4e7968bc09,https://supabase.com/careers,"Support Engineer (EMEA) Remote, EMEA Apply for position Support Engineer (AMER) Remote, AMER Apply for position Support Engineer (APAC) Remote, APAC Apply for position Support Engineer (AMER - Weekends) Remote, AMER Apply for position Support Engineer (EMEA - Weekends) Remote, Global Apply for position Database Support Engineer (AMER) Remote, AMER Apply for position Database Support Engineer (EMEA) Remote, EMEA Apply for position Database Support Engineer (APAC) Remote, APAC Apply for position"
Supabase,Support Engineer (AMER - Weekends),https://jobs.ashbyhq.com/supabase/dcf09dfe-55bc-44ba-b5db-1a2de7f33216,https://supabase.com/careers,"Support Engineer (EMEA) Remote, EMEA Apply for position Support Engineer (AMER) Remote, AMER Apply for position Support Engineer (APAC) Remote, APAC Apply for position Support Engineer (AMER - Weekends) Remote, AMER Apply for position Support Engineer (EMEA - Weekends) Remote, Global Apply for position Database Support Engineer (AMER) Remote, AMER Apply for position Database Support Engineer (EMEA) Remote, EMEA Apply for position Database Support Engineer (APAC) Remote, APAC Apply for position"
Supabase,Support Engineer (EMEA - Weekends),https://jobs.ashbyhq.com/supabase/590a0742-97f1-47f4-81a2-567efc939ae2,https://supabase.com/careers,"Support Engineer (EMEA) Remote, EMEA Apply for position Support Engineer (AMER) Remote, AMER Apply for position Support Engineer (APAC) Remote, APAC Apply for position Support Engineer (AMER - Weekends) Remote, AMER Apply for position Support Engineer (EMEA - Weekends) Remote, Global Apply for position Database Support Engineer (AMER) Remote, AMER Apply for position Database Support Engineer (EMEA) Remote, EMEA Apply for position Database Support Engineer (APAC) Remote, APAC Apply for position"
Supabase,Database Support Engineer (AMER),https://jobs.ashbyhq.com/supabase/f18b1173-51c3-4ff6-bcda-89f8111931f4,https://supabase.com/careers,"Support Engineer (EMEA) Remote, EMEA Apply for position Support Engineer (AMER) Remote, AMER Apply for position Support Engineer (APAC) Remote, APAC Apply for position Support Engineer (AMER - Weekends) Remote, AMER Apply for position Support Engineer (EMEA - Weekends) Remote, Global Apply for position Database Support Engineer (AMER) Remote, AMER Apply for position Database Support Engineer (EMEA) Remote, EMEA Apply for position Database Support Engineer (APAC) Remote, APAC Apply for position"
Supabase,Database Support Engineer (EMEA),https://jobs.ashbyhq.com/supabase/3889002e-536e-4046-a330-70e942b0cc96,https://supabase.com/careers,"Support Engineer (EMEA) Remote, EMEA Apply for position Support Engineer (AMER) Remote, AMER Apply for position Support Engineer (APAC) Remote, APAC Apply for position Support Engineer (AMER - Weekends) Remote, AMER Apply for position Support Engineer (EMEA - Weekends) Remote, Global Apply for position Database Support Engineer (AMER) Remote, AMER Apply for position Database Support Engineer (EMEA) Remote, EMEA Apply for position Database Support Engineer (APAC) Remote, APAC Apply for position"
Supabase,Database Support Engineer (APAC),https://jobs.ashbyhq.com/supabase/62945518-2468-4cf5-9f36-904b60f75183,https://supabase.com/careers,"Support Engineer (EMEA) Remote, EMEA Apply for position Support Engineer (AMER) Remote, AMER Apply for position Support Engineer (APAC) Remote, APAC Apply for position Support Engineer (AMER - Weekends) Remote, AMER Apply for position Support Engineer (EMEA - Weekends) Remote, Global Apply for position Database Support Engineer (AMER) Remote, AMER Apply for position Database Support Engineer (EMEA) Remote, EMEA Apply for position Database Support Engineer (APAC) Remote, APAC Apply for position"
Supabase,Multigres Engineer,https://jobs.ashbyhq.com/supabase/2e718684-4f75-4a99-8d6b-3b6bd44e4228,https://supabase.com/careers,"Multigres Engineer Remote, Global Apply for position Postgres Engineer Remote, Global Apply for position Multigres Deployment Engineer Remote, Global Apply for position Postgres Deployment Engineer (Nix) Remote, Global Apply for position Software Engineer - Auth Remote, Global Apply for position CLI Engineer Remote, Global Apply for position Software Engineer: IaC Platform Experience Remote, Global Apply for position Edge Functions Engineer Remote, Global Apply for position OrioleDB Developer Re"
Supabase,Postgres Engineer,https://jobs.ashbyhq.com/supabase/c16bd707-29f2-46fb-8409-7270ff00978b,https://supabase.com/careers,"Multigres Engineer Remote, Global Apply for position Postgres Engineer Remote, Global Apply for position Multigres Deployment Engineer Remote, Global Apply for position Postgres Deployment Engineer (Nix) Remote, Global Apply for position Software Engineer - Auth Remote, Global Apply for position CLI Engineer Remote, Global Apply for position Software Engineer: IaC Platform Experience Remote, Global Apply for position Edge Functions Engineer Remote, Global Apply for position OrioleDB Developer Re"
Supabase,Multigres Deployment Engineer,https://jobs.ashbyhq.com/supabase/f035bda1-b5d3-4c5b-8736-b9c335fe1c3b,https://supabase.com/careers,"Multigres Engineer Remote, Global Apply for position Postgres Engineer Remote, Global Apply for position Multigres Deployment Engineer Remote, Global Apply for position Postgres Deployment Engineer (Nix) Remote, Global Apply for position Software Engineer - Auth Remote, Global Apply for position CLI Engineer Remote, Global Apply for position Software Engineer: IaC Platform Experience Remote, Global Apply for position Edge Functions Engineer Remote, Global Apply for position OrioleDB Developer Re"
Supabase,Postgres Deployment Engineer (Nix),https://jobs.ashbyhq.com/supabase/48950725-e0d9-4025-92d9-f75e1b60ce45,https://supabase.com/careers,"Multigres Engineer Remote, Global Apply for position Postgres Engineer Remote, Global Apply for position Multigres Deployment Engineer Remote, Global Apply for position Postgres Deployment Engineer (Nix) Remote, Global Apply for position Software Engineer - Auth Remote, Global Apply for position CLI Engineer Remote, Global Apply for position Software Engineer: IaC Platform Experience Remote, Global Apply for position Edge Functions Engineer Remote, Global Apply for position OrioleDB Developer Re"
Supabase,Software Engineer - Auth,https://jobs.ashbyhq.com/supabase/e569b7f7-fa8f-4139-86f6-4f52b456882d,https://supabase.com/careers,"Multigres Engineer Remote, Global Apply for position Postgres Engineer Remote, Global Apply for position Multigres Deployment Engineer Remote, Global Apply for position Postgres Deployment Engineer (Nix) Remote, Global Apply for position Software Engineer - Auth Remote, Global Apply for position CLI Engineer Remote, Global Apply for position Software Engineer: IaC Platform Experience Remote, Global Apply for position Edge Functions Engineer Remote, Global Apply for position OrioleDB Developer Re"
Supabase,CLI Engineer,https://jobs.ashbyhq.com/supabase/dd3f74dc-29f8-46b1-bcfb-b7f090b7146a,https://supabase.com/careers,"Multigres Engineer Remote, Global Apply for position Postgres Engineer Remote, Global Apply for position Multigres Deployment Engineer Remote, Global Apply for position Postgres Deployment Engineer (Nix) Remote, Global Apply for position Software Engineer - Auth Remote, Global Apply for position CLI Engineer Remote, Global Apply for position Software Engineer: IaC Platform Experience Remote, Global Apply for position Edge Functions Engineer Remote, Global Apply for position OrioleDB Developer Re"
Supabase,Software Engineer: IaC Platform Experience,https://jobs.ashbyhq.com/supabase/b7206c22-979f-444a-809b-e70d9ee23c7f,https://supabase.com/careers,"Multigres Engineer Remote, Global Apply for position Postgres Engineer Remote, Global Apply for position Multigres Deployment Engineer Remote, Global Apply for position Postgres Deployment Engineer (Nix) Remote, Global Apply for position Software Engineer - Auth Remote, Global Apply for position CLI Engineer Remote, Global Apply for position Software Engineer: IaC Platform Experience Remote, Global Apply for position Edge Functions Engineer Remote, Global Apply for position OrioleDB Developer Re"
Supabase,Edge Functions Engineer,https://jobs.ashbyhq.com/supabase/3ab0b926-c9b5-4197-aff2-88d5bf009e13,https://supabase.com/careers,"Multigres Engineer Remote, Global Apply for position Postgres Engineer Remote, Global Apply for position Multigres Deployment Engineer Remote, Global Apply for position Postgres Deployment Engineer (Nix) Remote, Global Apply for position Software Engineer - Auth Remote, Global Apply for position CLI Engineer Remote, Global Apply for position Software Engineer: IaC Platform Experience Remote, Global Apply for position Edge Functions Engineer Remote, Global Apply for position OrioleDB Developer Re"
Supabase,OrioleDB Developer,https://jobs.ashbyhq.com/supabase/621516b5-4d8f-4ee9-8287-2da12e63d023,https://supabase.com/careers,"Multigres Engineer Remote, Global Apply for position Postgres Engineer Remote, Global Apply for position Multigres Deployment Engineer Remote, Global Apply for position Postgres Deployment Engineer (Nix) Remote, Global Apply for position Software Engineer - Auth Remote, Global Apply for position CLI Engineer Remote, Global Apply for position Software Engineer: IaC Platform Experience Remote, Global Apply for position Edge Functions Engineer Remote, Global Apply for position OrioleDB Developer Re"
Supabase,Engineering Manager,https://jobs.ashbyhq.com/supabase/99a80436-89ec-412b-b782-1dd462bd16dc,https://supabase.com/careers,"Multigres Engineer Remote, Global Apply for position Postgres Engineer Remote, Global Apply for position Multigres Deployment Engineer Remote, Global Apply for position Postgres Deployment Engineer (Nix) Remote, Global Apply for position Software Engineer - Auth Remote, Global Apply for position CLI Engineer Remote, Global Apply for position Software Engineer: IaC Platform Experience Remote, Global Apply for position Edge Functions Engineer Remote, Global Apply for position OrioleDB Developer Re"
Supabase,Site Reliability Engineer,https://jobs.ashbyhq.com/supabase/ed6cedb1-b9bf-4609-ac5c-c75c33b31bf3,https://supabase.com/careers,"Multigres Engineer Remote, Global Apply for position Postgres Engineer Remote, Global Apply for position Multigres Deployment Engineer Remote, Global Apply for position Postgres Deployment Engineer (Nix) Remote, Global Apply for position Software Engineer - Auth Remote, Global Apply for position CLI Engineer Remote, Global Apply for position Software Engineer: IaC Platform Experience Remote, Global Apply for position Edge Functions Engineer Remote, Global Apply for position OrioleDB Developer Re"
Supabase,API Engineer,https://jobs.ashbyhq.com/supabase/620bcab3-787c-4ffe-bd37-5d45e209925e,https://supabase.com/careers,"Multigres Engineer Remote, Global Apply for position Postgres Engineer Remote, Global Apply for position Multigres Deployment Engineer Remote, Global Apply for position Postgres Deployment Engineer (Nix) Remote, Global Apply for position Software Engineer - Auth Remote, Global Apply for position CLI Engineer Remote, Global Apply for position Software Engineer: IaC Platform Experience Remote, Global Apply for position Edge Functions Engineer Remote, Global Apply for position OrioleDB Developer Re"
Supabase,Supalite Engineer,https://jobs.ashbyhq.com/supabase/b75ba81e-54cc-4393-a575-bc41776b0113,https://supabase.com/careers,"Multigres Engineer Remote, Global Apply for position Postgres Engineer Remote, Global Apply for position Multigres Deployment Engineer Remote, Global Apply for position Postgres Deployment Engineer (Nix) Remote, Global Apply for position Software Engineer - Auth Remote, Global Apply for position CLI Engineer Remote, Global Apply for position Software Engineer: IaC Platform Experience Remote, Global Apply for position Edge Functions Engineer Remote, Global Apply for position OrioleDB Developer Re"
Supabase,Release Engineer,https://jobs.ashbyhq.com/supabase/f6035bf8-4f44-4425-9944-d5509a3c8652,https://supabase.com/careers,"Multigres Engineer Remote, Global Apply for position Postgres Engineer Remote, Global Apply for position Multigres Deployment Engineer Remote, Global Apply for position Postgres Deployment Engineer (Nix) Remote, Global Apply for position Software Engineer - Auth Remote, Global Apply for position CLI Engineer Remote, Global Apply for position Software Engineer: IaC Platform Experience Remote, Global Apply for position Edge Functions Engineer Remote, Global Apply for position OrioleDB Developer Re"
Supabase,Performance Engineer - Performance Analysis & Tuning,https://jobs.ashbyhq.com/supabase/98ef6a11-9898-4960-9931-1264285849f3,https://supabase.com/careers,"Multigres Engineer Remote, Global Apply for position Postgres Engineer Remote, Global Apply for position Multigres Deployment Engineer Remote, Global Apply for position Postgres Deployment Engineer (Nix) Remote, Global Apply for position Software Engineer - Auth Remote, Global Apply for position CLI Engineer Remote, Global Apply for position Software Engineer: IaC Platform Experience Remote, Global Apply for position Edge Functions Engineer Remote, Global Apply for position OrioleDB Developer Re"
Supabase,Performance Engineer - Benchmarking,https://jobs.ashbyhq.com/supabase/11beb619-0c25-4b11-9818-3f18e278c65b,https://supabase.com/careers,"Multigres Engineer Remote, Global Apply for position Postgres Engineer Remote, Global Apply for position Multigres Deployment Engineer Remote, Global Apply for position Postgres Deployment Engineer (Nix) Remote, Global Apply for position Software Engineer - Auth Remote, Global Apply for position CLI Engineer Remote, Global Apply for position Software Engineer: IaC Platform Experience Remote, Global Apply for position Edge Functions Engineer Remote, Global Apply for position OrioleDB Developer Re"
Supabase,Engineering Productivity Engineer,https://jobs.ashbyhq.com/supabase/8229db66-dc3f-4ffe-8d86-90ce9ffb4c90,https://supabase.com/careers,"Multigres Engineer Remote, Global Apply for position Postgres Engineer Remote, Global Apply for position Multigres Deployment Engineer Remote, Global Apply for position Postgres Deployment Engineer (Nix) Remote, Global Apply for position Software Engineer - Auth Remote, Global Apply for position CLI Engineer Remote, Global Apply for position Software Engineer: IaC Platform Experience Remote, Global Apply for position Edge Functions Engineer Remote, Global Apply for position OrioleDB Developer Re"
Supabase,Frontend Engineer,https://jobs.ashbyhq.com/supabase/f048dd68-63f8-4f98-9860-3d5a43c09a01,https://supabase.com/careers,"Multigres Engineer Remote, Global Apply for position Postgres Engineer Remote, Global Apply for position Multigres Deployment Engineer Remote, Global Apply for position Postgres Deployment Engineer (Nix) Remote, Global Apply for position Software Engineer - Auth Remote, Global Apply for position CLI Engineer Remote, Global Apply for position Software Engineer: IaC Platform Experience Remote, Global Apply for position Edge Functions Engineer Remote, Global Apply for position OrioleDB Developer Re"
Supabase,SDK Engineer - JavaScript,https://jobs.ashbyhq.com/supabase/f44742fb-18c6-478f-bf78-63707ed57db7,https://supabase.com/careers,"Multigres Engineer Remote, Global Apply for position Postgres Engineer Remote, Global Apply for position Multigres Deployment Engineer Remote, Global Apply for position Postgres Deployment Engineer (Nix) Remote, Global Apply for position Software Engineer - Auth Remote, Global Apply for position CLI Engineer Remote, Global Apply for position Software Engineer: IaC Platform Experience Remote, Global Apply for position Edge Functions Engineer Remote, Global Apply for position OrioleDB Developer Re"
Supabase,Platform Engineer - Compute Capacity,https://jobs.ashbyhq.com/supabase/4eb14408-51e6-4c58-812a-3782d5c0b045,https://supabase.com/careers,"Multigres Engineer Remote, Global Apply for position Postgres Engineer Remote, Global Apply for position Multigres Deployment Engineer Remote, Global Apply for position Postgres Deployment Engineer (Nix) Remote, Global Apply for position Software Engineer - Auth Remote, Global Apply for position CLI Engineer Remote, Global Apply for position Software Engineer: IaC Platform Experience Remote, Global Apply for position Edge Functions Engineer Remote, Global Apply for position OrioleDB Developer Re"
Supabase,Software Engineer - Branching,https://jobs.ashbyhq.com/supabase/06752423-eebb-472c-95b5-c7ff2559fd60,https://supabase.com/careers,"Multigres Engineer Remote, Global Apply for position Postgres Engineer Remote, Global Apply for position Multigres Deployment Engineer Remote, Global Apply for position Postgres Deployment Engineer (Nix) Remote, Global Apply for position Software Engineer - Auth Remote, Global Apply for position CLI Engineer Remote, Global Apply for position Software Engineer: IaC Platform Experience Remote, Global Apply for position Edge Functions Engineer Remote, Global Apply for position OrioleDB Developer Re"
Supabase,Platform Security Engineer (AMER/APAC),https://jobs.ashbyhq.com/supabase/8fa1c7a0-a85c-4562-a1f5-4dd22cadae27,https://supabase.com/careers,"Multigres Engineer Remote, Global Apply for position Postgres Engineer Remote, Global Apply for position Multigres Deployment Engineer Remote, Global Apply for position Postgres Deployment Engineer (Nix) Remote, Global Apply for position Software Engineer - Auth Remote, Global Apply for position CLI Engineer Remote, Global Apply for position Software Engineer: IaC Platform Experience Remote, Global Apply for position Edge Functions Engineer Remote, Global Apply for position OrioleDB Developer Re"
Supabase,Developer Relations Engineer,https://jobs.ashbyhq.com/supabase/a1320bbf-bfae-49a8-a1b7-12eeccaf39ca,https://supabase.com/careers,"Developer Relations Engineer Remote, San Francisco, CA Apply for position Event Programs Manager, Developer Community & Ecosystem Remote, San Francisco, CA Apply for position Developer Relations Engineer (New York, NY) Remote, New York, US Apply for position Developer Relations Engineer Remote, Global Apply for position Developer Relations Engineer (London, UK) Remote, London UK Apply for position"
Supabase,"Event Programs Manager, Developer Community & Ecosystem",https://jobs.ashbyhq.com/supabase/715ba1ea-bd0b-4960-9d5a-defca99f2e24,https://supabase.com/careers,"Developer Relations Engineer Remote, San Francisco, CA Apply for position Event Programs Manager, Developer Community & Ecosystem Remote, San Francisco, CA Apply for position Developer Relations Engineer (New York, NY) Remote, New York, US Apply for position Developer Relations Engineer Remote, Global Apply for position Developer Relations Engineer (London, UK) Remote, London UK Apply for position"
Supabase,"Developer Relations Engineer (New York, NY)",https://jobs.ashbyhq.com/supabase/98ae5c78-eab7-4879-b143-96b98e4d0dbb,https://supabase.com/careers,"Developer Relations Engineer Remote, San Francisco, CA Apply for position Event Programs Manager, Developer Community & Ecosystem Remote, San Francisco, CA Apply for position Developer Relations Engineer (New York, NY) Remote, New York, US Apply for position Developer Relations Engineer Remote, Global Apply for position Developer Relations Engineer (London, UK) Remote, London UK Apply for position"
Supabase,Developer Relations Engineer,https://jobs.ashbyhq.com/supabase/26f7817d-ca92-4094-a2b5-f22e07a218c4,https://supabase.com/careers,"Developer Relations Engineer Remote, San Francisco, CA Apply for position Event Programs Manager, Developer Community & Ecosystem Remote, San Francisco, CA Apply for position Developer Relations Engineer (New York, NY) Remote, New York, US Apply for position Developer Relations Engineer Remote, Global Apply for position Developer Relations Engineer (London, UK) Remote, London UK Apply for position"
Supabase,"Developer Relations Engineer (London, UK)",https://jobs.ashbyhq.com/supabase/1acade7a-0b80-4c6c-9253-7c27a165739d,https://supabase.com/careers,"Developer Relations Engineer Remote, San Francisco, CA Apply for position Event Programs Manager, Developer Community & Ecosystem Remote, San Francisco, CA Apply for position Developer Relations Engineer (New York, NY) Remote, New York, US Apply for position Developer Relations Engineer Remote, Global Apply for position Developer Relations Engineer (London, UK) Remote, London UK Apply for position"
Supabase,Account Executive (EMEA),https://jobs.ashbyhq.com/supabase/a069c886-1107-408e-88b4-e1aa8d33d4bc,https://supabase.com/careers,"Account Executive (EMEA) Remote, EMEA Apply for position Account Executive (APAC) Remote, APAC Apply for position"
Supabase,Account Executive (APAC),https://jobs.ashbyhq.com/supabase/4859464f-afab-4409-b295-4f4cbbfc41eb,https://supabase.com/careers,"Account Executive (EMEA) Remote, EMEA Apply for position Account Executive (APAC) Remote, APAC Apply for position"
Supabase,Brand Designer,https://jobs.ashbyhq.com/supabase/4a85c92b-1d0d-43ee-8dbc-0e45a58be208,https://supabase.com/careers,"Brand Designer Remote, Global Apply for position Product Designer Remote, Global Apply for position"
Supabase,Product Designer,https://jobs.ashbyhq.com/supabase/97fe8e68-28c5-42db-a763-60113f0b31fd,https://supabase.com/careers,"Brand Designer Remote, Global Apply for position Product Designer Remote, Global Apply for position"
Supabase,Executive Assistant to the CEO,https://jobs.ashbyhq.com/supabase/b566fbf8-2894-4314-9533-8fa920e80c19,https://supabase.com/careers,"Executive Assistant to the CEO Remote, APAC Apply for position"
Supabase,"Partnerships Manager, Ecosystem",https://jobs.ashbyhq.com/supabase/f0f277ac-b96c-478a-81ca-7bd80612533f,https://supabase.com/careers,"Partnerships Manager, Ecosystem Remote, AMER Apply for position Strategic Partner Manager Remote, Global Apply for position Partnerships Lead (APAC) Remote, Singapore Apply for position Partnerships Lead (EMEA) Remote, London UK Apply for position Field Marketing Manager, Startups Remote, San Francisco, CA Apply for position AWS Enterprise Segment Lead Remote, AMER Apply for position AWS Game Development Segment Lead Remote, AMER Apply for position"
Supabase,Strategic Partner Manager,https://jobs.ashbyhq.com/supabase/cb04ae3a-3a47-4e21-928f-c2456b7b214e,https://supabase.com/careers,"Partnerships Manager, Ecosystem Remote, AMER Apply for position Strategic Partner Manager Remote, Global Apply for position Partnerships Lead (APAC) Remote, Singapore Apply for position Partnerships Lead (EMEA) Remote, London UK Apply for position Field Marketing Manager, Startups Remote, San Francisco, CA Apply for position AWS Enterprise Segment Lead Remote, AMER Apply for position AWS Game Development Segment Lead Remote, AMER Apply for position"
Supabase,Partnerships Lead (APAC),https://jobs.ashbyhq.com/supabase/180257c0-ad46-4fae-b34f-36d8ddc2fe2e,https://supabase.com/careers,"Partnerships Manager, Ecosystem Remote, AMER Apply for position Strategic Partner Manager Remote, Global Apply for position Partnerships Lead (APAC) Remote, Singapore Apply for position Partnerships Lead (EMEA) Remote, London UK Apply for position Field Marketing Manager, Startups Remote, San Francisco, CA Apply for position AWS Enterprise Segment Lead Remote, AMER Apply for position AWS Game Development Segment Lead Remote, AMER Apply for position"
Supabase,Partnerships Lead (EMEA),https://jobs.ashbyhq.com/supabase/79dd0887-e54c-484c-a988-c8720040dd0b,https://supabase.com/careers,"Partnerships Manager, Ecosystem Remote, AMER Apply for position Strategic Partner Manager Remote, Global Apply for position Partnerships Lead (APAC) Remote, Singapore Apply for position Partnerships Lead (EMEA) Remote, London UK Apply for position Field Marketing Manager, Startups Remote, San Francisco, CA Apply for position AWS Enterprise Segment Lead Remote, AMER Apply for position AWS Game Development Segment Lead Remote, AMER Apply for position"
Supabase,"Field Marketing Manager, Startups",https://jobs.ashbyhq.com/supabase/f8fc6aae-d2b4-456a-97db-012a1970c398,https://supabase.com/careers,"Partnerships Manager, Ecosystem Remote, AMER Apply for position Strategic Partner Manager Remote, Global Apply for position Partnerships Lead (APAC) Remote, Singapore Apply for position Partnerships Lead (EMEA) Remote, London UK Apply for position Field Marketing Manager, Startups Remote, San Francisco, CA Apply for position AWS Enterprise Segment Lead Remote, AMER Apply for position AWS Game Development Segment Lead Remote, AMER Apply for position"
Supabase,AWS Enterprise Segment Lead,https://jobs.ashbyhq.com/supabase/f3a7c4bf-3e79-4556-a4e9-04d6987a0e8f,https://supabase.com/careers,"Partnerships Manager, Ecosystem Remote, AMER Apply for position Strategic Partner Manager Remote, Global Apply for position Partnerships Lead (APAC) Remote, Singapore Apply for position Partnerships Lead (EMEA) Remote, London UK Apply for position Field Marketing Manager, Startups Remote, San Francisco, CA Apply for position AWS Enterprise Segment Lead Remote, AMER Apply for position AWS Game Development Segment Lead Remote, AMER Apply for position"
Supabase,AWS Game Development Segment Lead,https://jobs.ashbyhq.com/supabase/344787f2-d115-4056-87ca-7668fc14be3d,https://supabase.com/careers,"Partnerships Manager, Ecosystem Remote, AMER Apply for position Strategic Partner Manager Remote, Global Apply for position Partnerships Lead (APAC) Remote, Singapore Apply for position Partnerships Lead (EMEA) Remote, London UK Apply for position Field Marketing Manager, Startups Remote, San Francisco, CA Apply for position AWS Enterprise Segment Lead Remote, AMER Apply for position AWS Game Development Segment Lead Remote, AMER Apply for position"
Supabase,Partner Operations & Systems Lead,https://jobs.ashbyhq.com/supabase/577bdf6d-f34b-4b9e-8d6b-b96776675c94,https://supabase.com/careers,"Partner Operations & Systems Lead Remote, US West Apply for position"
Supabase,Senior Data Analyst - Marketing,https://jobs.ashbyhq.com/supabase/59083a14-b2b6-4dd8-8037-739aa1ad1e22,https://supabase.com/careers,"Senior Data Analyst - Marketing Remote, Global Apply for position"
Supabase,Founding Technical Program Manager,https://jobs.ashbyhq.com/supabase/7a5d81a2-c586-4d7f-a179-89c95869ca33,https://supabase.com/careers,"Founding Technical Program Manager Remote, Global Apply for position"
Supabase,Join community,https://jobs.ashbyhq.com/supabase/form/talent-community-form,https://supabase.com/careers,Don't see a role that fits? Join our talent community to stay updated on future opportunities. Join community
Vercel,"Account Executive, Commercial",https://vercel.com/careers/account-executive-commercial-6136160004,https://vercel.com/careers,"Location Department Account Executive, Commercial London Read more Account Executive, Majors London Read more Account Executive, Majors (APAC) Read more Account Executive, Majors- Install Base (APAC) Read more Account Executive-Startups, EMEA (French Speaker) London Read more Business Development Representative, Majors Austin, New York City, San Francisco Read more Commercial Account Executive, Greenfield Austin, New York City, San Francisco Read more Commercial Account Executive, Install Base A"
Vercel,"Account Executive, Majors",https://vercel.com/careers/account-executive-majors-5999792004,https://vercel.com/careers,"Location Department Account Executive, Commercial London Read more Account Executive, Majors London Read more Account Executive, Majors (APAC) Read more Account Executive, Majors- Install Base (APAC) Read more Account Executive-Startups, EMEA (French Speaker) London Read more Business Development Representative, Majors Austin, New York City, San Francisco Read more Commercial Account Executive, Greenfield Austin, New York City, San Francisco Read more Commercial Account Executive, Install Base A"
Vercel,"Account Executive, Majors (APAC)",https://vercel.com/careers/account-executive-majors-apac-5841911004,https://vercel.com/careers,"Location Department Account Executive, Commercial London Read more Account Executive, Majors London Read more Account Executive, Majors (APAC) Read more Account Executive, Majors- Install Base (APAC) Read more Account Executive-Startups, EMEA (French Speaker) London Read more Business Development Representative, Majors Austin, New York City, San Francisco Read more Commercial Account Executive, Greenfield Austin, New York City, San Francisco Read more Commercial Account Executive, Install Base A"
Vercel,"Account Executive, Majors- Install Base (APAC)",https://vercel.com/careers/account-executive-majors-install-base-apac-6100103004,https://vercel.com/careers,"Location Department Account Executive, Commercial London Read more Account Executive, Majors London Read more Account Executive, Majors (APAC) Read more Account Executive, Majors- Install Base (APAC) Read more Account Executive-Startups, EMEA (French Speaker) London Read more Business Development Representative, Majors Austin, New York City, San Francisco Read more Commercial Account Executive, Greenfield Austin, New York City, San Francisco Read more Commercial Account Executive, Install Base A"
Vercel,"Account Executive-Startups, EMEA (French Speaker)",https://vercel.com/careers/account-executive-startups-emea-french-speaker-5752956004,https://vercel.com/careers,"Location Department Account Executive, Commercial London Read more Account Executive, Majors London Read more Account Executive, Majors (APAC) Read more Account Executive, Majors- Install Base (APAC) Read more Account Executive-Startups, EMEA (French Speaker) London Read more Business Development Representative, Majors Austin, New York City, San Francisco Read more Commercial Account Executive, Greenfield Austin, New York City, San Francisco Read more Commercial Account Executive, Install Base A"
Vercel,"Business Development Representative, Majors",https://vercel.com/careers/business-development-representative-majors-5039945004,https://vercel.com/careers,"Location Department Account Executive, Commercial London Read more Account Executive, Majors London Read more Account Executive, Majors (APAC) Read more Account Executive, Majors- Install Base (APAC) Read more Account Executive-Startups, EMEA (French Speaker) London Read more Business Development Representative, Majors Austin, New York City, San Francisco Read more Commercial Account Executive, Greenfield Austin, New York City, San Francisco Read more Commercial Account Executive, Install Base A"
Vercel,"Commercial Account Executive, Greenfield",https://vercel.com/careers/commercial-account-executive-greenfield-5042166004,https://vercel.com/careers,"Location Department Account Executive, Commercial London Read more Account Executive, Majors London Read more Account Executive, Majors (APAC) Read more Account Executive, Majors- Install Base (APAC) Read more Account Executive-Startups, EMEA (French Speaker) London Read more Business Development Representative, Majors Austin, New York City, San Francisco Read more Commercial Account Executive, Greenfield Austin, New York City, San Francisco Read more Commercial Account Executive, Install Base A"
Vercel,"Commercial Account Executive, Install Base",https://vercel.com/careers/commercial-account-executive-install-base-6123443004,https://vercel.com/careers,"Location Department Account Executive, Commercial London Read more Account Executive, Majors London Read more Account Executive, Majors (APAC) Read more Account Executive, Majors- Install Base (APAC) Read more Account Executive-Startups, EMEA (French Speaker) London Read more Business Development Representative, Majors Austin, New York City, San Francisco Read more Commercial Account Executive, Greenfield Austin, New York City, San Francisco Read more Commercial Account Executive, Install Base A"
Vercel,"DevRel Engineer, Agentic Infrastructure",https://vercel.com/careers/dev-rel-engineer-agentic-infrastructure-6122437004,https://vercel.com/careers,"Location Department Account Executive, Commercial London Read more Account Executive, Majors London Read more Account Executive, Majors (APAC) Read more Account Executive, Majors- Install Base (APAC) Read more Account Executive-Startups, EMEA (French Speaker) London Read more Business Development Representative, Majors Austin, New York City, San Francisco Read more Commercial Account Executive, Greenfield Austin, New York City, San Francisco Read more Commercial Account Executive, Install Base A"
Vercel,"Director, Commercial Sales, EMEA",https://vercel.com/careers/director-commercial-sales-emea-5974107004,https://vercel.com/careers,"Location Department Account Executive, Commercial London Read more Account Executive, Majors London Read more Account Executive, Majors (APAC) Read more Account Executive, Majors- Install Base (APAC) Read more Account Executive-Startups, EMEA (French Speaker) London Read more Business Development Representative, Majors Austin, New York City, San Francisco Read more Commercial Account Executive, Greenfield Austin, New York City, San Francisco Read more Commercial Account Executive, Install Base A"
Vercel,Director of Forward Deployed Engineering,https://vercel.com/careers/director-of-forward-deployed-engineering-6120051004,https://vercel.com/careers,"Location Department Account Executive, Commercial London Read more Account Executive, Majors London Read more Account Executive, Majors (APAC) Read more Account Executive, Majors- Install Base (APAC) Read more Account Executive-Startups, EMEA (French Speaker) London Read more Business Development Representative, Majors Austin, New York City, San Francisco Read more Commercial Account Executive, Greenfield Austin, New York City, San Francisco Read more Commercial Account Executive, Install Base A"
Vercel,"Director, Solutions Architect",https://vercel.com/careers/director-solutions-architect-6119846004,https://vercel.com/careers,"Location Department Account Executive, Commercial London Read more Account Executive, Majors London Read more Account Executive, Majors (APAC) Read more Account Executive, Majors- Install Base (APAC) Read more Account Executive-Startups, EMEA (French Speaker) London Read more Business Development Representative, Majors Austin, New York City, San Francisco Read more Commercial Account Executive, Greenfield Austin, New York City, San Francisco Read more Commercial Account Executive, Install Base A"
Vercel,"Engineering Manager, CDN",https://vercel.com/careers/engineering-manager-cdn-5701765004,https://vercel.com/careers,"Location Department Account Executive, Commercial London Read more Account Executive, Majors London Read more Account Executive, Majors (APAC) Read more Account Executive, Majors- Install Base (APAC) Read more Account Executive-Startups, EMEA (French Speaker) London Read more Business Development Representative, Majors Austin, New York City, San Francisco Read more Commercial Account Executive, Greenfield Austin, New York City, San Francisco Read more Commercial Account Executive, Install Base A"
Vercel,Enterprise Account Executive,https://vercel.com/careers/enterprise-account-executive-5042174004,https://vercel.com/careers,"Location Department Account Executive, Commercial London Read more Account Executive, Majors London Read more Account Executive, Majors (APAC) Read more Account Executive, Majors- Install Base (APAC) Read more Account Executive-Startups, EMEA (French Speaker) London Read more Business Development Representative, Majors Austin, New York City, San Francisco Read more Commercial Account Executive, Greenfield Austin, New York City, San Francisco Read more Commercial Account Executive, Install Base A"
Vercel,"Enterprise Account Executive, Retail",https://vercel.com/careers/enterprise-account-executive-retail-6112143004,https://vercel.com/careers,"Location Department Account Executive, Commercial London Read more Account Executive, Majors London Read more Account Executive, Majors (APAC) Read more Account Executive, Majors- Install Base (APAC) Read more Account Executive-Startups, EMEA (French Speaker) London Read more Business Development Representative, Majors Austin, New York City, San Francisco Read more Commercial Account Executive, Greenfield Austin, New York City, San Francisco Read more Commercial Account Executive, Install Base A"
Vercel,Executive Marketing Program Lead,https://vercel.com/careers/executive-marketing-program-lead-6119765004,https://vercel.com/careers,"Location Department Account Executive, Commercial London Read more Account Executive, Majors London Read more Account Executive, Majors (APAC) Read more Account Executive, Majors- Install Base (APAC) Read more Account Executive-Startups, EMEA (French Speaker) London Read more Business Development Representative, Majors Austin, New York City, San Francisco Read more Commercial Account Executive, Greenfield Austin, New York City, San Francisco Read more Commercial Account Executive, Install Base A"
Vercel,Forward-Deployed Engineer,https://vercel.com/careers/forward-deployed-engineer-5752684004,https://vercel.com/careers,"Location Department Account Executive, Commercial London Read more Account Executive, Majors London Read more Account Executive, Majors (APAC) Read more Account Executive, Majors- Install Base (APAC) Read more Account Executive-Startups, EMEA (French Speaker) London Read more Business Development Representative, Majors Austin, New York City, San Francisco Read more Commercial Account Executive, Greenfield Austin, New York City, San Francisco Read more Commercial Account Executive, Install Base A"
Vercel,"FP&A Manager, Product",https://vercel.com/careers/fp-and-a-manager-product-6183272004,https://vercel.com/careers,"Location Department Account Executive, Commercial London Read more Account Executive, Majors London Read more Account Executive, Majors (APAC) Read more Account Executive, Majors- Install Base (APAC) Read more Account Executive-Startups, EMEA (French Speaker) London Read more Business Development Representative, Majors Austin, New York City, San Francisco Read more Commercial Account Executive, Greenfield Austin, New York City, San Francisco Read more Commercial Account Executive, Install Base A"
Vercel,Global Benefits Lead,https://vercel.com/careers/global-benefits-lead-6123758004,https://vercel.com/careers,"Location Department Account Executive, Commercial London Read more Account Executive, Majors London Read more Account Executive, Majors (APAC) Read more Account Executive, Majors- Install Base (APAC) Read more Account Executive-Startups, EMEA (French Speaker) London Read more Business Development Representative, Majors Austin, New York City, San Francisco Read more Commercial Account Executive, Greenfield Austin, New York City, San Francisco Read more Commercial Account Executive, Install Base A"
Vercel,GRC Analyst,https://vercel.com/careers/grc-analyst-6102654004,https://vercel.com/careers,"Location Department Account Executive, Commercial London Read more Account Executive, Majors London Read more Account Executive, Majors (APAC) Read more Account Executive, Majors- Install Base (APAC) Read more Account Executive-Startups, EMEA (French Speaker) London Read more Business Development Representative, Majors Austin, New York City, San Francisco Read more Commercial Account Executive, Greenfield Austin, New York City, San Francisco Read more Commercial Account Executive, Install Base A"
Vercel,"Growth Marketing Manager, Agent Stack",https://vercel.com/careers/growth-marketing-manager-agent-stack-6016765004,https://vercel.com/careers,"Location Department Account Executive, Commercial London Read more Account Executive, Majors London Read more Account Executive, Majors (APAC) Read more Account Executive, Majors- Install Base (APAC) Read more Account Executive-Startups, EMEA (French Speaker) London Read more Business Development Representative, Majors Austin, New York City, San Francisco Read more Commercial Account Executive, Greenfield Austin, New York City, San Francisco Read more Commercial Account Executive, Install Base A"
Vercel,Head of Field Engineering Operations,https://vercel.com/careers/head-of-field-engineering-operations-5979111004,https://vercel.com/careers,"Location Department Account Executive, Commercial London Read more Account Executive, Majors London Read more Account Executive, Majors (APAC) Read more Account Executive, Majors- Install Base (APAC) Read more Account Executive-Startups, EMEA (French Speaker) London Read more Business Development Representative, Majors Austin, New York City, San Francisco Read more Commercial Account Executive, Greenfield Austin, New York City, San Francisco Read more Commercial Account Executive, Install Base A"
Vercel,IT Ops Engineer,https://vercel.com/careers/it-ops-engineer-6179794004,https://vercel.com/careers,"Location Department Account Executive, Commercial London Read more Account Executive, Majors London Read more Account Executive, Majors (APAC) Read more Account Executive, Majors- Install Base (APAC) Read more Account Executive-Startups, EMEA (French Speaker) London Read more Business Development Representative, Majors Austin, New York City, San Francisco Read more Commercial Account Executive, Greenfield Austin, New York City, San Francisco Read more Commercial Account Executive, Install Base A"
Vercel,Manager of the Technical Staff - Next.js,https://vercel.com/careers/manager-of-the-technical-staff-next-js-6140055004,https://vercel.com/careers,"Location Department Account Executive, Commercial London Read more Account Executive, Majors London Read more Account Executive, Majors (APAC) Read more Account Executive, Majors- Install Base (APAC) Read more Account Executive-Startups, EMEA (French Speaker) London Read more Business Development Representative, Majors Austin, New York City, San Francisco Read more Commercial Account Executive, Greenfield Austin, New York City, San Francisco Read more Commercial Account Executive, Install Base A"
Vercel,"Manager, Solutions Architecture",https://vercel.com/careers/manager-solutions-architecture-5806456004,https://vercel.com/careers,"Location Department Account Executive, Commercial London Read more Account Executive, Majors London Read more Account Executive, Majors (APAC) Read more Account Executive, Majors- Install Base (APAC) Read more Account Executive-Startups, EMEA (French Speaker) London Read more Business Development Representative, Majors Austin, New York City, San Francisco Read more Commercial Account Executive, Greenfield Austin, New York City, San Francisco Read more Commercial Account Executive, Install Base A"
Vercel,Marketing Operations Manager,https://vercel.com/careers/marketing-operations-manager-6144467004,https://vercel.com/careers,"Location Department Account Executive, Commercial London Read more Account Executive, Majors London Read more Account Executive, Majors (APAC) Read more Account Executive, Majors- Install Base (APAC) Read more Account Executive-Startups, EMEA (French Speaker) London Read more Business Development Representative, Majors Austin, New York City, San Francisco Read more Commercial Account Executive, Greenfield Austin, New York City, San Francisco Read more Commercial Account Executive, Install Base A"
Vercel,"Member of the Technical Staff, Internal Agent",https://vercel.com/careers/member-of-the-technical-staff-internal-agent-6134374004,https://vercel.com/careers,"Location Department Account Executive, Commercial London Read more Account Executive, Majors London Read more Account Executive, Majors (APAC) Read more Account Executive, Majors- Install Base (APAC) Read more Account Executive-Startups, EMEA (French Speaker) London Read more Business Development Representative, Majors Austin, New York City, San Francisco Read more Commercial Account Executive, Greenfield Austin, New York City, San Francisco Read more Commercial Account Executive, Install Base A"
Vercel,Member of the Technical Staff - Next.js,https://vercel.com/careers/member-of-the-technical-staff-next-js-6137958004,https://vercel.com/careers,"Location Department Account Executive, Commercial London Read more Account Executive, Majors London Read more Account Executive, Majors (APAC) Read more Account Executive, Majors- Install Base (APAC) Read more Account Executive-Startups, EMEA (French Speaker) London Read more Business Development Representative, Majors Austin, New York City, San Francisco Read more Commercial Account Executive, Greenfield Austin, New York City, San Francisco Read more Commercial Account Executive, Install Base A"
Vercel,"Partner Lead, EMEA",https://vercel.com/careers/partner-lead-emea-5844601004,https://vercel.com/careers,"Location Department Account Executive, Commercial London Read more Account Executive, Majors London Read more Account Executive, Majors (APAC) Read more Account Executive, Majors- Install Base (APAC) Read more Account Executive-Startups, EMEA (French Speaker) London Read more Business Development Representative, Majors Austin, New York City, San Francisco Read more Commercial Account Executive, Greenfield Austin, New York City, San Francisco Read more Commercial Account Executive, Install Base A"
Vercel,"Partner Solutions Engineer, EMEA",https://vercel.com/careers/partner-solutions-engineer-emea-6132416004,https://vercel.com/careers,"Location Department Account Executive, Commercial London Read more Account Executive, Majors London Read more Account Executive, Majors (APAC) Read more Account Executive, Majors- Install Base (APAC) Read more Account Executive-Startups, EMEA (French Speaker) London Read more Business Development Representative, Majors Austin, New York City, San Francisco Read more Commercial Account Executive, Greenfield Austin, New York City, San Francisco Read more Commercial Account Executive, Install Base A"
Vercel,People Operations Integrations Developer,https://vercel.com/careers/people-operations-integrations-developer-6137983004,https://vercel.com/careers,"Location Department Account Executive, Commercial London Read more Account Executive, Majors London Read more Account Executive, Majors (APAC) Read more Account Executive, Majors- Install Base (APAC) Read more Account Executive-Startups, EMEA (French Speaker) London Read more Business Development Representative, Majors Austin, New York City, San Francisco Read more Commercial Account Executive, Greenfield Austin, New York City, San Francisco Read more Commercial Account Executive, Install Base A"
Vercel,Performance Marketing Manager,https://vercel.com/careers/performance-marketing-manager-6011904004,https://vercel.com/careers,"Location Department Account Executive, Commercial London Read more Account Executive, Majors London Read more Account Executive, Majors (APAC) Read more Account Executive, Majors- Install Base (APAC) Read more Account Executive-Startups, EMEA (French Speaker) London Read more Business Development Representative, Majors Austin, New York City, San Francisco Read more Commercial Account Executive, Greenfield Austin, New York City, San Francisco Read more Commercial Account Executive, Install Base A"
Vercel,Presentation Designer,https://vercel.com/careers/presentation-designer-6128387004,https://vercel.com/careers,"Location Department Account Executive, Commercial London Read more Account Executive, Majors London Read more Account Executive, Majors (APAC) Read more Account Executive, Majors- Install Base (APAC) Read more Account Executive-Startups, EMEA (French Speaker) London Read more Business Development Representative, Majors Austin, New York City, San Francisco Read more Commercial Account Executive, Greenfield Austin, New York City, San Francisco Read more Commercial Account Executive, Install Base A"
Vercel,Product Communications Manager,https://vercel.com/careers/product-communications-manager-6121474004,https://vercel.com/careers,"Location Department Account Executive, Commercial London Read more Account Executive, Majors London Read more Account Executive, Majors (APAC) Read more Account Executive, Majors- Install Base (APAC) Read more Account Executive-Startups, EMEA (French Speaker) London Read more Business Development Representative, Majors Austin, New York City, San Francisco Read more Commercial Account Executive, Greenfield Austin, New York City, San Francisco Read more Commercial Account Executive, Install Base A"
Vercel,"Product Designer, Marketplace",https://vercel.com/careers/product-designer-marketplace-6160974004,https://vercel.com/careers,"Location Department Account Executive, Commercial London Read more Account Executive, Majors London Read more Account Executive, Majors (APAC) Read more Account Executive, Majors- Install Base (APAC) Read more Account Executive-Startups, EMEA (French Speaker) London Read more Business Development Representative, Majors Austin, New York City, San Francisco Read more Commercial Account Executive, Greenfield Austin, New York City, San Francisco Read more Commercial Account Executive, Install Base A"
Vercel,"Product Manager, Observability",https://vercel.com/careers/product-manager-observability-6147956004,https://vercel.com/careers,"Location Department Account Executive, Commercial London Read more Account Executive, Majors London Read more Account Executive, Majors (APAC) Read more Account Executive, Majors- Install Base (APAC) Read more Account Executive-Startups, EMEA (French Speaker) London Read more Business Development Representative, Majors Austin, New York City, San Francisco Read more Commercial Account Executive, Greenfield Austin, New York City, San Francisco Read more Commercial Account Executive, Install Base A"
Vercel,Product Security Engineer,https://vercel.com/careers/product-security-engineer-6102343004,https://vercel.com/careers,"Location Department Account Executive, Commercial London Read more Account Executive, Majors London Read more Account Executive, Majors (APAC) Read more Account Executive, Majors- Install Base (APAC) Read more Account Executive-Startups, EMEA (French Speaker) London Read more Business Development Representative, Majors Austin, New York City, San Francisco Read more Commercial Account Executive, Greenfield Austin, New York City, San Francisco Read more Commercial Account Executive, Install Base A"
Vercel,Product Strategy & Operations,https://vercel.com/careers/product-strategy-and-operations-6011651004,https://vercel.com/careers,"Location Department Account Executive, Commercial London Read more Account Executive, Majors London Read more Account Executive, Majors (APAC) Read more Account Executive, Majors- Install Base (APAC) Read more Account Executive-Startups, EMEA (French Speaker) London Read more Business Development Representative, Majors Austin, New York City, San Francisco Read more Commercial Account Executive, Greenfield Austin, New York City, San Francisco Read more Commercial Account Executive, Install Base A"
Vercel,"Sales Development Representative, UK&I",https://vercel.com/careers/sales-development-representative-uk-and-i-5557835004,https://vercel.com/careers,"Location Department Account Executive, Commercial London Read more Account Executive, Majors London Read more Account Executive, Majors (APAC) Read more Account Executive, Majors- Install Base (APAC) Read more Account Executive-Startups, EMEA (French Speaker) London Read more Business Development Representative, Majors Austin, New York City, San Francisco Read more Commercial Account Executive, Greenfield Austin, New York City, San Francisco Read more Commercial Account Executive, Install Base A"
Vercel,"Scaled Commercial Account Executive, Install base",https://vercel.com/careers/scaled-commercial-account-executive-install-base-6142097004,https://vercel.com/careers,"Location Department Account Executive, Commercial London Read more Account Executive, Majors London Read more Account Executive, Majors (APAC) Read more Account Executive, Majors- Install Base (APAC) Read more Account Executive-Startups, EMEA (French Speaker) London Read more Business Development Representative, Majors Austin, New York City, San Francisco Read more Commercial Account Executive, Greenfield Austin, New York City, San Francisco Read more Commercial Account Executive, Install Base A"
Vercel,"Security Engineer, Cloud",https://vercel.com/careers/security-engineer-cloud-us-6102335004,https://vercel.com/careers,"Location Department Account Executive, Commercial London Read more Account Executive, Majors London Read more Account Executive, Majors (APAC) Read more Account Executive, Majors- Install Base (APAC) Read more Account Executive-Startups, EMEA (French Speaker) London Read more Business Development Representative, Majors Austin, New York City, San Francisco Read more Commercial Account Executive, Greenfield Austin, New York City, San Francisco Read more Commercial Account Executive, Install Base A"
Vercel,"Security Engineer, Detection Response",https://vercel.com/careers/security-engineer-detection-response-6111332004,https://vercel.com/careers,"Location Department Account Executive, Commercial London Read more Account Executive, Majors London Read more Account Executive, Majors (APAC) Read more Account Executive, Majors- Install Base (APAC) Read more Account Executive-Startups, EMEA (French Speaker) London Read more Business Development Representative, Majors Austin, New York City, San Francisco Read more Commercial Account Executive, Greenfield Austin, New York City, San Francisco Read more Commercial Account Executive, Install Base A"
Vercel,"Security Software Engineer, IAM",https://vercel.com/careers/security-software-engineer-iam-us-6093255004,https://vercel.com/careers,"Location Department Account Executive, Commercial London Read more Account Executive, Majors London Read more Account Executive, Majors (APAC) Read more Account Executive, Majors- Install Base (APAC) Read more Account Executive-Startups, EMEA (French Speaker) London Read more Business Development Representative, Majors Austin, New York City, San Francisco Read more Commercial Account Executive, Greenfield Austin, New York City, San Francisco Read more Commercial Account Executive, Install Base A"
Vercel,"Security Software Engineer, Open Source Frameworks",https://vercel.com/careers/security-software-engineer-open-source-frameworks-6117204004,https://vercel.com/careers,"Location Department Account Executive, Commercial London Read more Account Executive, Majors London Read more Account Executive, Majors (APAC) Read more Account Executive, Majors- Install Base (APAC) Read more Account Executive-Startups, EMEA (French Speaker) London Read more Business Development Representative, Majors Austin, New York City, San Francisco Read more Commercial Account Executive, Greenfield Austin, New York City, San Francisco Read more Commercial Account Executive, Install Base A"
Vercel,Senior Accountant (India),https://vercel.com/careers/senior-accountant-india-6121471004,https://vercel.com/careers,"Location Department Account Executive, Commercial London Read more Account Executive, Majors London Read more Account Executive, Majors (APAC) Read more Account Executive, Majors- Install Base (APAC) Read more Account Executive-Startups, EMEA (French Speaker) London Read more Business Development Representative, Majors Austin, New York City, San Francisco Read more Commercial Account Executive, Greenfield Austin, New York City, San Francisco Read more Commercial Account Executive, Install Base A"
Vercel,Senior Brand Designer,https://vercel.com/careers/senior-brand-designer-5579560004,https://vercel.com/careers,"Location Department Account Executive, Commercial London Read more Account Executive, Majors London Read more Account Executive, Majors (APAC) Read more Account Executive, Majors- Install Base (APAC) Read more Account Executive-Startups, EMEA (French Speaker) London Read more Business Development Representative, Majors Austin, New York City, San Francisco Read more Commercial Account Executive, Greenfield Austin, New York City, San Francisco Read more Commercial Account Executive, Install Base A"
Vercel,Senior Data Engineer - Finance,https://vercel.com/careers/senior-data-engineer-finance-5914474004,https://vercel.com/careers,"Location Department Account Executive, Commercial London Read more Account Executive, Majors London Read more Account Executive, Majors (APAC) Read more Account Executive, Majors- Install Base (APAC) Read more Account Executive-Startups, EMEA (French Speaker) London Read more Business Development Representative, Majors Austin, New York City, San Francisco Read more Commercial Account Executive, Greenfield Austin, New York City, San Francisco Read more Commercial Account Executive, Install Base A"
Vercel,Senior Data Engineer - GTM,https://vercel.com/careers/senior-data-engineer-gtm-5914473004,https://vercel.com/careers,"Location Department Account Executive, Commercial London Read more Account Executive, Majors London Read more Account Executive, Majors (APAC) Read more Account Executive, Majors- Install Base (APAC) Read more Account Executive-Startups, EMEA (French Speaker) London Read more Business Development Representative, Majors Austin, New York City, San Francisco Read more Commercial Account Executive, Greenfield Austin, New York City, San Francisco Read more Commercial Account Executive, Install Base A"
Vercel,Senior Deal Desk Analyst,https://vercel.com/careers/senior-deal-desk-analyst-6142959004,https://vercel.com/careers,"Location Department Account Executive, Commercial London Read more Account Executive, Majors London Read more Account Executive, Majors (APAC) Read more Account Executive, Majors- Install Base (APAC) Read more Account Executive-Startups, EMEA (French Speaker) London Read more Business Development Representative, Majors Austin, New York City, San Francisco Read more Commercial Account Executive, Greenfield Austin, New York City, San Francisco Read more Commercial Account Executive, Install Base A"
Vercel,Senior Financial Systems Administrator,https://vercel.com/careers/senior-financial-systems-administrator-6134464004,https://vercel.com/careers,"Location Department Account Executive, Commercial London Read more Account Executive, Majors London Read more Account Executive, Majors (APAC) Read more Account Executive, Majors- Install Base (APAC) Read more Account Executive-Startups, EMEA (French Speaker) London Read more Business Development Representative, Majors Austin, New York City, San Francisco Read more Commercial Account Executive, Greenfield Austin, New York City, San Francisco Read more Commercial Account Executive, Install Base A"
Vercel,Senior HRBP - G&A,https://vercel.com/careers/senior-hrbp-g-and-a-6090854004,https://vercel.com/careers,"Location Department Account Executive, Commercial London Read more Account Executive, Majors London Read more Account Executive, Majors (APAC) Read more Account Executive, Majors- Install Base (APAC) Read more Account Executive-Startups, EMEA (French Speaker) London Read more Business Development Representative, Majors Austin, New York City, San Francisco Read more Commercial Account Executive, Greenfield Austin, New York City, San Francisco Read more Commercial Account Executive, Install Base A"
Vercel,Senior Integrated Campaigns Manager,https://vercel.com/careers/senior-integrated-campaigns-manager-6122619004,https://vercel.com/careers,"Location Department Account Executive, Commercial London Read more Account Executive, Majors London Read more Account Executive, Majors (APAC) Read more Account Executive, Majors- Install Base (APAC) Read more Account Executive-Startups, EMEA (French Speaker) London Read more Business Development Representative, Majors Austin, New York City, San Francisco Read more Commercial Account Executive, Greenfield Austin, New York City, San Francisco Read more Commercial Account Executive, Install Base A"
Vercel,"Senior Legal Counsel, Product",https://vercel.com/careers/senior-legal-counsel-product-5691965004,https://vercel.com/careers,"Location Department Account Executive, Commercial London Read more Account Executive, Majors London Read more Account Executive, Majors (APAC) Read more Account Executive, Majors- Install Base (APAC) Read more Account Executive-Startups, EMEA (French Speaker) London Read more Business Development Representative, Majors Austin, New York City, San Francisco Read more Commercial Account Executive, Greenfield Austin, New York City, San Francisco Read more Commercial Account Executive, Install Base A"
Vercel,"Senior Manager, Solutions Architect",https://vercel.com/careers/senior-manager-solutions-architect-5995789004,https://vercel.com/careers,"Location Department Account Executive, Commercial London Read more Account Executive, Majors London Read more Account Executive, Majors (APAC) Read more Account Executive, Majors- Install Base (APAC) Read more Account Executive-Startups, EMEA (French Speaker) London Read more Business Development Representative, Majors Austin, New York City, San Francisco Read more Commercial Account Executive, Greenfield Austin, New York City, San Francisco Read more Commercial Account Executive, Install Base A"
Vercel,"Senior Partner Manager, AWS",https://vercel.com/careers/senior-partner-manager-aws-5825469004,https://vercel.com/careers,"Location Department Account Executive, Commercial London Read more Account Executive, Majors London Read more Account Executive, Majors (APAC) Read more Account Executive, Majors- Install Base (APAC) Read more Account Executive-Startups, EMEA (French Speaker) London Read more Business Development Representative, Majors Austin, New York City, San Francisco Read more Commercial Account Executive, Greenfield Austin, New York City, San Francisco Read more Commercial Account Executive, Install Base A"
Vercel,Senior Payroll Analyst,https://vercel.com/careers/senior-payroll-analyst-6006148004,https://vercel.com/careers,"Location Department Account Executive, Commercial London Read more Account Executive, Majors London Read more Account Executive, Majors (APAC) Read more Account Executive, Majors- Install Base (APAC) Read more Account Executive-Startups, EMEA (French Speaker) London Read more Business Development Representative, Majors Austin, New York City, San Francisco Read more Commercial Account Executive, Greenfield Austin, New York City, San Francisco Read more Commercial Account Executive, Install Base A"
Vercel,"Senior Product Designer, Growth",https://vercel.com/careers/senior-product-designer-growth-6131210004,https://vercel.com/careers,"Location Department Account Executive, Commercial London Read more Account Executive, Majors London Read more Account Executive, Majors (APAC) Read more Account Executive, Majors- Install Base (APAC) Read more Account Executive-Startups, EMEA (French Speaker) London Read more Business Development Representative, Majors Austin, New York City, San Francisco Read more Commercial Account Executive, Greenfield Austin, New York City, San Francisco Read more Commercial Account Executive, Install Base A"
Vercel,"Senior Security Software Engineer, v0",https://vercel.com/careers/senior-security-software-engineer-v0-6117209004,https://vercel.com/careers,"Location Department Account Executive, Commercial London Read more Account Executive, Majors London Read more Account Executive, Majors (APAC) Read more Account Executive, Majors- Install Base (APAC) Read more Account Executive-Startups, EMEA (French Speaker) London Read more Business Development Representative, Majors Austin, New York City, San Francisco Read more Commercial Account Executive, Greenfield Austin, New York City, San Francisco Read more Commercial Account Executive, Install Base A"
Vercel,Senior Technical Account Manager,https://vercel.com/careers/senior-technical-account-manager-6112845004,https://vercel.com/careers,"Location Department Account Executive, Commercial London Read more Account Executive, Majors London Read more Account Executive, Majors (APAC) Read more Account Executive, Majors- Install Base (APAC) Read more Account Executive-Startups, EMEA (French Speaker) London Read more Business Development Representative, Majors Austin, New York City, San Francisco Read more Commercial Account Executive, Greenfield Austin, New York City, San Francisco Read more Commercial Account Executive, Install Base A"
Vercel,Site Engineer,https://vercel.com/careers/site-engineer-us-5732855004,https://vercel.com/careers,"Location Department Account Executive, Commercial London Read more Account Executive, Majors London Read more Account Executive, Majors (APAC) Read more Account Executive, Majors- Install Base (APAC) Read more Account Executive-Startups, EMEA (French Speaker) London Read more Business Development Representative, Majors Austin, New York City, San Francisco Read more Commercial Account Executive, Greenfield Austin, New York City, San Francisco Read more Commercial Account Executive, Install Base A"
Vercel,"Software Engineer, Agent",https://vercel.com/careers/software-engineer-agent-5704320004,https://vercel.com/careers,"Location Department Account Executive, Commercial London Read more Account Executive, Majors London Read more Account Executive, Majors (APAC) Read more Account Executive, Majors- Install Base (APAC) Read more Account Executive-Startups, EMEA (French Speaker) London Read more Business Development Representative, Majors Austin, New York City, San Francisco Read more Commercial Account Executive, Greenfield Austin, New York City, San Francisco Read more Commercial Account Executive, Install Base A"
Vercel,"Software Engineer, AI Gateway",https://vercel.com/careers/software-engineer-ai-gateway-5798406004,https://vercel.com/careers,"Location Department Account Executive, Commercial London Read more Account Executive, Majors London Read more Account Executive, Majors (APAC) Read more Account Executive, Majors- Install Base (APAC) Read more Account Executive-Startups, EMEA (French Speaker) London Read more Business Development Representative, Majors Austin, New York City, San Francisco Read more Commercial Account Executive, Greenfield Austin, New York City, San Francisco Read more Commercial Account Executive, Install Base A"
Vercel,"Software Engineer, AI SDK",https://vercel.com/careers/software-engineer-ai-sdk-5474915004,https://vercel.com/careers,"Location Department Account Executive, Commercial London Read more Account Executive, Majors London Read more Account Executive, Majors (APAC) Read more Account Executive, Majors- Install Base (APAC) Read more Account Executive-Startups, EMEA (French Speaker) London Read more Business Development Representative, Majors Austin, New York City, San Francisco Read more Commercial Account Executive, Greenfield Austin, New York City, San Francisco Read more Commercial Account Executive, Install Base A"
Vercel,"Software Engineer, Backend",https://vercel.com/careers/software-engineer-backend-us-5430088004,https://vercel.com/careers,"Location Department Account Executive, Commercial London Read more Account Executive, Majors London Read more Account Executive, Majors (APAC) Read more Account Executive, Majors- Install Base (APAC) Read more Account Executive-Startups, EMEA (French Speaker) London Read more Business Development Representative, Majors Austin, New York City, San Francisco Read more Commercial Account Executive, Greenfield Austin, New York City, San Francisco Read more Commercial Account Executive, Install Base A"
Vercel,"Software Engineer, CDN",https://vercel.com/careers/software-engineer-cdn-5179639004,https://vercel.com/careers,"Location Department Account Executive, Commercial London Read more Account Executive, Majors London Read more Account Executive, Majors (APAC) Read more Account Executive, Majors- Install Base (APAC) Read more Account Executive-Startups, EMEA (French Speaker) London Read more Business Development Representative, Majors Austin, New York City, San Francisco Read more Commercial Account Executive, Greenfield Austin, New York City, San Francisco Read more Commercial Account Executive, Install Base A"
Vercel,"Software Engineer, CDN Content",https://vercel.com/careers/software-engineer-cdn-content-6105394004,https://vercel.com/careers,"Location Department Account Executive, Commercial London Read more Account Executive, Majors London Read more Account Executive, Majors (APAC) Read more Account Executive, Majors- Install Base (APAC) Read more Account Executive-Startups, EMEA (French Speaker) London Read more Business Development Representative, Majors Austin, New York City, San Francisco Read more Commercial Account Executive, Greenfield Austin, New York City, San Francisco Read more Commercial Account Executive, Install Base A"
Vercel,"Software Engineer, Compute",https://vercel.com/careers/software-engineer-compute-6113157004,https://vercel.com/careers,"Location Department Account Executive, Commercial London Read more Account Executive, Majors London Read more Account Executive, Majors (APAC) Read more Account Executive, Majors- Install Base (APAC) Read more Account Executive-Startups, EMEA (French Speaker) London Read more Business Development Representative, Majors Austin, New York City, San Francisco Read more Commercial Account Executive, Greenfield Austin, New York City, San Francisco Read more Commercial Account Executive, Install Base A"
Vercel,"Software Engineer, Data Platform",https://vercel.com/careers/software-engineer-data-platform-6161129004,https://vercel.com/careers,"Location Department Account Executive, Commercial London Read more Account Executive, Majors London Read more Account Executive, Majors (APAC) Read more Account Executive, Majors- Install Base (APAC) Read more Account Executive-Startups, EMEA (French Speaker) London Read more Business Development Representative, Majors Austin, New York City, San Francisco Read more Commercial Account Executive, Greenfield Austin, New York City, San Francisco Read more Commercial Account Executive, Install Base A"
Vercel,"Software Engineer, Deployment Infrastructure",https://vercel.com/careers/software-engineer-deployment-infrastructure-5633880004,https://vercel.com/careers,"Location Department Account Executive, Commercial London Read more Account Executive, Majors London Read more Account Executive, Majors (APAC) Read more Account Executive, Majors- Install Base (APAC) Read more Account Executive-Startups, EMEA (French Speaker) London Read more Business Development Representative, Majors Austin, New York City, San Francisco Read more Commercial Account Executive, Greenfield Austin, New York City, San Francisco Read more Commercial Account Executive, Install Base A"
Vercel,"Software Engineer, eve",https://vercel.com/careers/software-engineer-eve-6098390004,https://vercel.com/careers,"Location Department Account Executive, Commercial London Read more Account Executive, Majors London Read more Account Executive, Majors (APAC) Read more Account Executive, Majors- Install Base (APAC) Read more Account Executive-Startups, EMEA (French Speaker) London Read more Business Development Representative, Majors Austin, New York City, San Francisco Read more Commercial Account Executive, Greenfield Austin, New York City, San Francisco Read more Commercial Account Executive, Install Base A"
Vercel,Software Engineering Intern - Summer '27,https://vercel.com/careers/software-engineering-intern-summer-27-6181759004,https://vercel.com/careers,"Location Department Account Executive, Commercial London Read more Account Executive, Majors London Read more Account Executive, Majors (APAC) Read more Account Executive, Majors- Install Base (APAC) Read more Account Executive-Startups, EMEA (French Speaker) London Read more Business Development Representative, Majors Austin, New York City, San Francisco Read more Commercial Account Executive, Greenfield Austin, New York City, San Francisco Read more Commercial Account Executive, Install Base A"
Vercel,Software Engineering Intern - Winter '27,https://vercel.com/careers/software-engineering-intern-winter-27-6181755004,https://vercel.com/careers,"Location Department Account Executive, Commercial London Read more Account Executive, Majors London Read more Account Executive, Majors (APAC) Read more Account Executive, Majors- Install Base (APAC) Read more Account Executive-Startups, EMEA (French Speaker) London Read more Business Development Representative, Majors Austin, New York City, San Francisco Read more Commercial Account Executive, Greenfield Austin, New York City, San Francisco Read more Commercial Account Executive, Install Base A"
Vercel,"Software Engineer, Observability",https://vercel.com/careers/software-engineer-observability-5428982004,https://vercel.com/careers,"Location Department Account Executive, Commercial London Read more Account Executive, Majors London Read more Account Executive, Majors (APAC) Read more Account Executive, Majors- Install Base (APAC) Read more Account Executive-Startups, EMEA (French Speaker) London Read more Business Development Representative, Majors Austin, New York City, San Francisco Read more Commercial Account Executive, Greenfield Austin, New York City, San Francisco Read more Commercial Account Executive, Install Base A"
Vercel,"Software Engineer, Trust & Safety",https://vercel.com/careers/software-engineer-trust-and-safety-5649459004,https://vercel.com/careers,"Location Department Account Executive, Commercial London Read more Account Executive, Majors London Read more Account Executive, Majors (APAC) Read more Account Executive, Majors- Install Base (APAC) Read more Account Executive-Startups, EMEA (French Speaker) London Read more Business Development Representative, Majors Austin, New York City, San Francisco Read more Commercial Account Executive, Greenfield Austin, New York City, San Francisco Read more Commercial Account Executive, Install Base A"
Vercel,"Software Engineer, Workflows",https://vercel.com/careers/software-engineer-workflows-5798416004,https://vercel.com/careers,"Location Department Account Executive, Commercial London Read more Account Executive, Majors London Read more Account Executive, Majors (APAC) Read more Account Executive, Majors- Install Base (APAC) Read more Account Executive-Startups, EMEA (French Speaker) London Read more Business Development Representative, Majors Austin, New York City, San Francisco Read more Commercial Account Executive, Greenfield Austin, New York City, San Francisco Read more Commercial Account Executive, Install Base A"
Vercel,Solutions Architect,https://vercel.com/careers/solutions-architect-5806749004,https://vercel.com/careers,"Location Department Account Executive, Commercial London Read more Account Executive, Majors London Read more Account Executive, Majors (APAC) Read more Account Executive, Majors- Install Base (APAC) Read more Account Executive-Startups, EMEA (French Speaker) London Read more Business Development Representative, Majors Austin, New York City, San Francisco Read more Commercial Account Executive, Greenfield Austin, New York City, San Francisco Read more Commercial Account Executive, Install Base A"
Vercel,SOX Manager,https://vercel.com/careers/sox-manager-6163585004,https://vercel.com/careers,"Location Department Account Executive, Commercial London Read more Account Executive, Majors London Read more Account Executive, Majors (APAC) Read more Account Executive, Majors- Install Base (APAC) Read more Account Executive-Startups, EMEA (French Speaker) London Read more Business Development Representative, Majors Austin, New York City, San Francisco Read more Commercial Account Executive, Greenfield Austin, New York City, San Francisco Read more Commercial Account Executive, Install Base A"
Vercel,Sr. Commercial Counsel,https://vercel.com/careers/sr-commercial-counsel-6006500004,https://vercel.com/careers,"Location Department Account Executive, Commercial London Read more Account Executive, Majors London Read more Account Executive, Majors (APAC) Read more Account Executive, Majors- Install Base (APAC) Read more Account Executive-Startups, EMEA (French Speaker) London Read more Business Development Representative, Majors Austin, New York City, San Francisco Read more Commercial Account Executive, Greenfield Austin, New York City, San Francisco Read more Commercial Account Executive, Install Base A"
Vercel,"Sr. Manager, Accounting (India)",https://vercel.com/careers/sr-manager-accounting-india-6121468004,https://vercel.com/careers,"Location Department Account Executive, Commercial London Read more Account Executive, Majors London Read more Account Executive, Majors (APAC) Read more Account Executive, Majors- Install Base (APAC) Read more Account Executive-Startups, EMEA (French Speaker) London Read more Business Development Representative, Majors Austin, New York City, San Francisco Read more Commercial Account Executive, Greenfield Austin, New York City, San Francisco Read more Commercial Account Executive, Install Base A"
Vercel,"Staff Applied Scientist, Financial Forecasting",https://vercel.com/careers/staff-applied-scientist-financial-forecasting-5973206004,https://vercel.com/careers,"Location Department Account Executive, Commercial London Read more Account Executive, Majors London Read more Account Executive, Majors (APAC) Read more Account Executive, Majors- Install Base (APAC) Read more Account Executive-Startups, EMEA (French Speaker) London Read more Business Development Representative, Majors Austin, New York City, San Francisco Read more Commercial Account Executive, Greenfield Austin, New York City, San Francisco Read more Commercial Account Executive, Install Base A"
Vercel,Staff Data Platform Engineer - Finance,https://vercel.com/careers/staff-data-platform-engineer-finance-5895013004,https://vercel.com/careers,"Location Department Account Executive, Commercial London Read more Account Executive, Majors London Read more Account Executive, Majors (APAC) Read more Account Executive, Majors- Install Base (APAC) Read more Account Executive-Startups, EMEA (French Speaker) London Read more Business Development Representative, Majors Austin, New York City, San Francisco Read more Commercial Account Executive, Greenfield Austin, New York City, San Francisco Read more Commercial Account Executive, Install Base A"
Vercel,Startups Program Lead,https://vercel.com/careers/startups-program-lead-5971203004,https://vercel.com/careers,"Location Department Account Executive, Commercial London Read more Account Executive, Majors London Read more Account Executive, Majors (APAC) Read more Account Executive, Majors- Install Base (APAC) Read more Account Executive-Startups, EMEA (French Speaker) London Read more Business Development Representative, Majors Austin, New York City, San Francisco Read more Commercial Account Executive, Greenfield Austin, New York City, San Francisco Read more Commercial Account Executive, Install Base A"
Vercel,"Strategic Finance Manager, Product",https://vercel.com/careers/strategic-finance-manager-product-5855000004,https://vercel.com/careers,"Location Department Account Executive, Commercial London Read more Account Executive, Majors London Read more Account Executive, Majors (APAC) Read more Account Executive, Majors- Install Base (APAC) Read more Account Executive-Startups, EMEA (French Speaker) London Read more Business Development Representative, Majors Austin, New York City, San Francisco Read more Commercial Account Executive, Greenfield Austin, New York City, San Francisco Read more Commercial Account Executive, Install Base A"
Vercel,Strategic Sourcing Manager,https://vercel.com/careers/strategic-sourcing-manager-6163582004,https://vercel.com/careers,"Location Department Account Executive, Commercial London Read more Account Executive, Majors London Read more Account Executive, Majors (APAC) Read more Account Executive, Majors- Install Base (APAC) Read more Account Executive-Startups, EMEA (French Speaker) London Read more Business Development Representative, Majors Austin, New York City, San Francisco Read more Commercial Account Executive, Greenfield Austin, New York City, San Francisco Read more Commercial Account Executive, Install Base A"
Vercel,Technical Account Manager,https://vercel.com/careers/technical-account-manager-6121381004,https://vercel.com/careers,"Location Department Account Executive, Commercial London Read more Account Executive, Majors London Read more Account Executive, Majors (APAC) Read more Account Executive, Majors- Install Base (APAC) Read more Account Executive-Startups, EMEA (French Speaker) London Read more Business Development Representative, Majors Austin, New York City, San Francisco Read more Commercial Account Executive, Greenfield Austin, New York City, San Francisco Read more Commercial Account Executive, Install Base A"
Vercel,"Vercel Development Representative, Startups",https://vercel.com/careers/vercel-development-representative-startups-5815357004,https://vercel.com/careers,"Location Department Account Executive, Commercial London Read more Account Executive, Majors London Read more Account Executive, Majors (APAC) Read more Account Executive, Majors- Install Base (APAC) Read more Account Executive-Startups, EMEA (French Speaker) London Read more Business Development Representative, Majors Austin, New York City, San Francisco Read more Commercial Account Executive, Greenfield Austin, New York City, San Francisco Read more Commercial Account Executive, Install Base A"
Vercel,"Visual Designer, Web",https://vercel.com/careers/visual-designer-web-us-6115991004,https://vercel.com/careers,"Location Department Account Executive, Commercial London Read more Account Executive, Majors London Read more Account Executive, Majors (APAC) Read more Account Executive, Majors- Install Base (APAC) Read more Account Executive-Startups, EMEA (French Speaker) London Read more Business Development Representative, Majors Austin, New York City, San Francisco Read more Commercial Account Executive, Greenfield Austin, New York City, San Francisco Read more Commercial Account Executive, Install Base A"
